<metadata xml:lang="nl"><Esri><CreaDate>20200626</CreaDate><CreaTime>14465500</CreaTime><ArcGISFormat>1.0</ArcGISFormat><SyncOnce>FALSE</SyncOnce><DataProperties><lineage><Process Name="Mosaic Landscape Features" ToolSource="c:\program files (x86)\arcgis\desktop10.7\ArcToolbox\Toolboxes\Data Management Tools.tbx\MosaicToNewRaster" Date="20200626" Time="144655">MosaicToNewRaster 'D:\VRS\OneDrive - Van Hall Larenstein\MSc\Thesis\Mine_GBR\Model\MineModel.gdb\Landscape_iso';'D:\VRS\OneDrive - Van Hall Larenstein\MSc\Thesis\Mine_GBR\Model\MineModel.gdb\Grid_clean';'D:\VRS\OneDrive - Van Hall Larenstein\MSc\Thesis\Mine_GBR\Model\MineModel.gdb\TheWallType';'D:\VRS\OneDrive - Van Hall Larenstein\MSc\Thesis\Mine_GBR\Model\MineModel.gdb\Centre_Ras' "D:\VRS\OneDrive - Van Hall Larenstein\MSc\Thesis\Mine_GBR\Model\MineModel.gdb" Features_clean # 8_BIT_UNSIGNED # 1 LAST MATCH</Process><Process Name="Composite Feature Bands" ToolSource="c:\program files (x86)\arcgis\desktop10.7\ArcToolbox\Toolboxes\Data Management Tools.tbx\CompositeBands" Date="20200626" Time="144656">CompositeBands 'D:\VRS\OneDrive - Van Hall Larenstein\MSc\Thesis\Mine_GBR\Model\MineModel.gdb\Features_clean';'D:\VRS\OneDrive - Van Hall Larenstein\MSc\Thesis\Mine_GBR\Model\MineModel.gdb\Features_clean';'D:\VRS\OneDrive - Van Hall Larenstein\MSc\Thesis\Mine_GBR\Model\MineModel.gdb\Features_clean' "D:\VRS\OneDrive - Van Hall Larenstein\MSc\Thesis\Mine_GBR\Python\GBR_Features.png"</Process></lineage><itemProps><itemName Sync="TRUE">GBR_Features.png</itemName><itemLocation><linkage Sync="TRUE">file://D:\VRS\OneDrive - Van Hall Larenstein\MSc\Thesis\Mine_GBR\Python\GBR_Features.png</linkage><protocol Sync="TRUE">Local Area Network</protocol></itemLocation><imsContentType Sync="TRUE">002</imsContentType><nativeExtBox><westBL Sync="TRUE">-572399.315025</westBL><eastBL Sync="TRUE">-544539.315025</eastBL><southBL Sync="TRUE">8644670.741339</southBL><northBL Sync="TRUE">8670460.741339</northBL><exTypeCode Sync="TRUE">1</exTypeCode></nativeExtBox></itemProps><coordRef><type Sync="TRUE">Projected</type><geogcsn Sync="TRUE">GCS_WGS_1984</geogcsn><csUnits Sync="TRUE">Linear Unit: Meter (1.000000)</csUnits><projcsn Sync="TRUE">WGS_1984_UTM_Zone_56S</projcsn><peXml Sync="TRUE">&lt;ProjectedCoordinateSystem xsi:type='typens:ProjectedCoordinateSystem' xmlns:xsi='http://www.w3.org/2001/XMLSchema-instance' xmlns:xs='http://www.w3.org/2001/XMLSchema' xmlns:typens='http://www.esri.com/schemas/ArcGIS/10.7'&gt;&lt;WKT&gt;PROJCS[&amp;quot;WGS_1984_UTM_Zone_56S&amp;quot;,GEOGCS[&amp;quot;GCS_WGS_1984&amp;quot;,DATUM[&amp;quot;D_WGS_1984&amp;quot;,SPHEROID[&amp;quot;WGS_1984&amp;quot;,6378137.0,298.257223563]],PRIMEM[&amp;quot;Greenwich&amp;quot;,0.0],UNIT[&amp;quot;Degree&amp;quot;,0.0174532925199433]],PROJECTION[&amp;quot;Transverse_Mercator&amp;quot;],PARAMETER[&amp;quot;False_Easting&amp;quot;,500000.0],PARAMETER[&amp;quot;False_Northing&amp;quot;,10000000.0],PARAMETER[&amp;quot;Central_Meridian&amp;quot;,153.0],PARAMETER[&amp;quot;Scale_Factor&amp;quot;,0.9996],PARAMETER[&amp;quot;Latitude_Of_Origin&amp;quot;,0.0],UNIT[&amp;quot;Meter&amp;quot;,1.0],AUTHORITY[&amp;quot;EPSG&amp;quot;,32756]]&lt;/WKT&gt;&lt;XOrigin&gt;-5120900&lt;/XOrigin&gt;&lt;YOrigin&gt;1900&lt;/YOrigin&gt;&lt;XYScale&gt;450445547.3910538&lt;/XYScale&gt;&lt;ZOrigin&gt;-100000&lt;/ZOrigin&gt;&lt;ZScale&gt;10000&lt;/ZScale&gt;&lt;MOrigin&gt;-100000&lt;/MOrigin&gt;&lt;MScale&gt;10000&lt;/MScale&gt;&lt;XYTolerance&gt;0.001&lt;/XYTolerance&gt;&lt;ZTolerance&gt;0.001&lt;/ZTolerance&gt;&lt;MTolerance&gt;0.001&lt;/MTolerance&gt;&lt;HighPrecision&gt;true&lt;/HighPrecision&gt;&lt;WKID&gt;32756&lt;/WKID&gt;&lt;LatestWKID&gt;32756&lt;/LatestWKID&gt;&lt;/ProjectedCoordinateSystem&gt;</peXml></coordRef><RasterProperties><General><PixelDepth Sync="TRUE">8</PixelDepth><HasColormap Sync="TRUE">FALSE</HasColormap><CompressionType Sync="TRUE">Deflate/Inflate</CompressionType><NumBands Sync="TRUE">3</NumBands><Format Sync="TRUE">PNG</Format><HasPyramids Sync="TRUE">TRUE</HasPyramids><SourceType Sync="TRUE">continuous</SourceType><PixelType Sync="TRUE">unsigned integer</PixelType><NoDataValue Sync="TRUE">255</NoDataValue></General></RasterProperties></DataProperties><SyncDate>20200626</SyncDate><SyncTime>14465500</SyncTime><ModDate>20200626</ModDate><ModTime>14465500</ModTime></Esri><dataIdInfo><envirDesc Sync="TRUE"> Version 6.2 (Build 9200) ; Esri ArcGIS 10.7.1.11595</envirDesc><dataLang><languageCode value="nld" Sync="TRUE"></languageCode><countryCode value="NLD" Sync="TRUE"></countryCode></dataLang><idCitation><resTitle Sync="TRUE">GBR_Features.png</resTitle><presForm><PresFormCd value="005" Sync="TRUE"></PresFormCd></presForm></idCitation><spatRpType><SpatRepTypCd value="002" Sync="TRUE"></SpatRepTypCd></spatRpType><dataExt><geoEle><GeoBndBox esriExtentType="search"><exTypeCode Sync="TRUE">1</exTypeCode><westBL Sync="TRUE">143.189935</westBL><eastBL Sync="TRUE">143.450437</eastBL><northBL Sync="TRUE">-11.855336</northBL><southBL Sync="TRUE">-12.094014</southBL></GeoBndBox></geoEle></dataExt></dataIdInfo><mdLang><languageCode value="nld" Sync="TRUE"></languageCode><countryCode value="NLD" Sync="TRUE"></countryCode></mdLang><distInfo><distFormat><formatName Sync="TRUE">Raster Dataset</formatName></distFormat></distInfo><mdHrLv><ScopeCd value="005" Sync="TRUE"></ScopeCd></mdHrLv><mdHrLvName Sync="TRUE">dataset</mdHrLvName><refSysInfo><RefSystem><refSysID><identCode code="32756" Sync="TRUE"></identCode><idCodeSpace Sync="TRUE">EPSG</idCodeSpace><idVersion Sync="TRUE">2.1(3.0.1)</idVersion></refSysID></RefSystem></refSysInfo><spatRepInfo><Georect><cellGeo><CellGeoCd Sync="TRUE" value="002"></CellGeoCd></cellGeo><numDims Sync="TRUE">2</numDims><tranParaAv Sync="TRUE">1</tranParaAv><chkPtAv Sync="TRUE">0</chkPtAv><cornerPts><pos Sync="TRUE">-572399.315025 8644670.741339</pos></cornerPts><cornerPts><pos Sync="TRUE">-572399.315025 8670460.741339</pos></cornerPts><cornerPts><pos Sync="TRUE">-544539.315025 8670460.741339</pos></cornerPts><cornerPts><pos Sync="TRUE">-544539.315025 8644670.741339</pos></cornerPts><centerPt><pos Sync="TRUE">-558469.315025 8657565.741339</pos></centerPt><axisDimension type="002"><dimSize Sync="TRUE">2786</dimSize><dimResol><value Sync="TRUE" uom="m">10.000000</value></dimResol></axisDimension><axisDimension type="001"><dimSize Sync="TRUE">2579</dimSize><dimResol><value Sync="TRUE" uom="m">10.000000</value></dimResol></axisDimension><ptInPixel><PixOrientCd Sync="TRUE" value="001"></PixOrientCd></ptInPixel></Georect></spatRepInfo><contInfo><ImgDesc><contentTyp><ContentTypCd Sync="TRUE" value="001"></ContentTypCd></contentTyp><covDim><Band><dimDescrp Sync="TRUE">Band_1</dimDescrp><bitsPerVal Sync="TRUE">8</bitsPerVal><valUnit><UOM type="length"></UOM></valUnit></Band><Band><dimDescrp Sync="TRUE">Band_2</dimDescrp><bitsPerVal Sync="TRUE">8</bitsPerVal><valUnit><UOM type="length"></UOM></valUnit></Band><Band><dimDescrp Sync="TRUE">Band_3</dimDescrp><bitsPerVal Sync="TRUE">8</bitsPerVal><valUnit><UOM type="length"></UOM></valUnit></Band></covDim></ImgDesc></contInfo><mdDateSt Sync="TRUE">20200626</mdDateSt></metadata>
